id_bigger,id_smaller,num_modif_sites,diff_formula,weight_bigger,weight_smaller,difference,adduct,msmassanalyzer
CCMSLIB00005464419,CCMSLIB00005463552,1,C1H2,233.128,219.113,14.014999999999986,[M+H]1+,orbitrap
CCMSLIB00005463563,CCMSLIB00005463556,1,C2H4O1,204.102,160.076,44.02600000000001,[M+H]1+,orbitrap
CCMSLIB00005463613,CCMSLIB00005463556,1,C1H2O1,190.086,160.076,30.01000000000002,[M+H]1+,orbitrap
CCMSLIB00005464240,CCMSLIB00005463556,1,O1,176.071,160.076,15.995000000000005,[M+H]1+,orbitrap
CCMSLIB00005464251,CCMSLIB00005463556,1,O1,176.071,160.076,15.995000000000005,[M+H]1+,orbitrap
CCMSLIB00005464269,CCMSLIB00005463584,1,O1,184.06,168.066,15.994,[M+H]1+,orbitrap
CCMSLIB00005463542,CCMSLIB00005463595,1,C1H2,123.08,109.065,14.015,[M+H]1+,orbitrap
CCMSLIB00005463563,CCMSLIB00005463613,1,C1H2,204.102,190.086,14.015999999999991,[M+H]1+,orbitrap
CCMSLIB00005463901,CCMSLIB00005463873,1,H-2O1,361.201,347.222,13.979000000000042,[M+H]1+,orbitrap
CCMSLIB00005464584,CCMSLIB00005463873,1,O1,363.217,347.222,15.995000000000005,[M+H]1+,orbitrap
CCMSLIB00005463907,CCMSLIB00005463885,1,H-1I1,777.694,651.797,125.89699999999993,[M+H]1+,orbitrap
CCMSLIB00005464584,CCMSLIB00005463890,1,O1,363.217,347.222,15.995000000000005,[M+H]1+,orbitrap
CCMSLIB00005464416,CCMSLIB00005463899,1,C1H2O1,195.065,165.055,30.00999999999999,[M+H]1+,orbitrap
CCMSLIB00005463964,CCMSLIB00005463914,1,O1,132.066,116.071,15.995000000000005,[M+H]1+,orbitrap
CCMSLIB00005463972,CCMSLIB00005463914,1,H-2O1,130.05,116.071,13.979000000000013,[M+H]1+,orbitrap
CCMSLIB00005463976,CCMSLIB00005463914,1,O1,132.066,116.071,15.995000000000005,[M+H]1+,orbitrap
CCMSLIB00005464036,CCMSLIB00005463914,1,O1,132.066,116.071,15.995000000000005,[M+H]1+,orbitrap
CCMSLIB00005464089,CCMSLIB00005463914,1,H-2O1,130.05,116.071,13.979000000000013,[M+H]1+,orbitrap
CCMSLIB00005464130,CCMSLIB00005463914,1,C2H2O1,158.081,116.071,42.00999999999999,[M+H]1+,orbitrap
CCMSLIB00005463953,CCMSLIB00005463916,1,H1N1,136.062,121.051,15.01100000000001,[M+H]1+,orbitrap
CCMSLIB00005464063,CCMSLIB00005463916,1,H1N1,136.062,121.051,15.01100000000001,[M+H]1+,orbitrap
CCMSLIB00005464066,CCMSLIB00005463916,1,O1,137.046,121.051,15.99499999999999,[M+H]1+,orbitrap
CCMSLIB00005464175,CCMSLIB00005463916,1,C1H2S1,167.039,121.051,45.987999999999985,[M+H]1+,orbitrap
CCMSLIB00005463915,CCMSLIB00005463917,1,C1H2,120.066,106.05,14.016000000000005,[M+H]1+,orbitrap
CCMSLIB00005463946,CCMSLIB00005463917,1,C1H2,120.066,106.05,14.016000000000005,[M+H]1+,orbitrap
CCMSLIB00005464056,CCMSLIB00005463917,1,C2H2O1,148.06,106.05,42.010000000000005,[M+H]1+,orbitrap
CCMSLIB00005464102,CCMSLIB00005463917,1,C2H2O1,148.06,106.05,42.010000000000005,[M+H]1+,orbitrap
CCMSLIB00005463956,CCMSLIB00005463920,1,C1H2,132.102,118.086,14.016000000000005,[M+H]1+,orbitrap
CCMSLIB00005463964,CCMSLIB00005463920,1,H-2O1,132.066,118.086,13.980000000000004,[M+H]1+,orbitrap
CCMSLIB00005463968,CCMSLIB00005463920,1,H1N1,133.097,118.086,15.01100000000001,[M+H]1+,orbitrap
CCMSLIB00005463972,CCMSLIB00005463920,1,H-4O1,130.05,118.086,11.964000000000013,[M+H]1+,orbitrap
CCMSLIB00005463976,CCMSLIB00005463920,1,H-2O1,132.066,118.086,13.980000000000004,[M+H]1+,orbitrap
CCMSLIB00005463987,CCMSLIB00005463920,1,C1H2,132.102,118.086,14.016000000000005,[M+H]1+,orbitrap
CCMSLIB00005464014,CCMSLIB00005463920,1,C1H3N1,147.113,118.086,29.027,[M+H]1+,orbitrap
CCMSLIB00005464026,CCMSLIB00005463920,1,C1H3N1,147.113,118.086,29.027,[M+H]1+,orbitrap
CCMSLIB00005464036,CCMSLIB00005463920,1,H-2O1,132.066,118.086,13.980000000000004,[M+H]1+,orbitrap
CCMSLIB00005464055,CCMSLIB00005463920,1,C1H2,132.102,118.086,14.016000000000005,[M+H]1+,orbitrap
CCMSLIB00005464089,CCMSLIB00005463920,1,H-4O1,130.05,118.086,11.964000000000013,[M+H]1+,orbitrap
CCMSLIB00005464130,CCMSLIB00005463920,1,C2O1,158.081,118.086,39.99499999999999,[M+H]1+,orbitrap
CCMSLIB00005464188,CCMSLIB00005463920,1,C1H2N2O1,176.103,118.086,58.01700000000001,[M+H]1+,orbitrap
CCMSLIB00005464192,CCMSLIB00005463920,1,C1H3N3,175.119,118.086,57.033,[M+H]1+,orbitrap
CCMSLIB00005464296,CCMSLIB00005463920,1,C1O2,162.076,118.086,43.989999999999995,[M+H]1+,orbitrap
CCMSLIB00005464004,CCMSLIB00005463923,1,C1H2,126.066,112.051,14.015,[M+H]1+,orbitrap
CCMSLIB00005463957,CCMSLIB00005463927,1,H-2O1,132.066,118.086,13.980000000000004,[M+H]1+,orbitrap
CCMSLIB00005463964,CCMSLIB00005463927,1,H-2O1,132.066,118.086,13.980000000000004,[M+H]1+,orbitrap
CCMSLIB00005463968,CCMSLIB00005463927,1,H1N1,133.097,118.086,15.01100000000001,[M+H]1+,orbitrap
CCMSLIB00005463972,CCMSLIB00005463927,1,H-4O1,130.05,118.086,11.964000000000013,[M+H]1+,orbitrap
CCMSLIB00005463976,CCMSLIB00005463927,1,H-2O1,132.066,118.086,13.980000000000004,[M+H]1+,orbitrap
CCMSLIB00005464036,CCMSLIB00005463927,1,H-2O1,132.066,118.086,13.980000000000004,[M+H]1+,orbitrap
CCMSLIB00005464089,CCMSLIB00005463927,1,H-4O1,130.05,118.086,11.964000000000013,[M+H]1+,orbitrap
CCMSLIB00005464130,CCMSLIB00005463927,1,C2O1,158.081,118.086,39.99499999999999,[M+H]1+,orbitrap
CCMSLIB00005464296,CCMSLIB00005463927,1,C1O2,162.076,118.086,43.989999999999995,[M+H]1+,orbitrap
CCMSLIB00005464225,CCMSLIB00005463930,1,C1O2,157.024,113.035,43.989000000000004,[M+H]1+,orbitrap
CCMSLIB00005464055,CCMSLIB00005463931,1,C1H2,132.102,118.086,14.016000000000005,[M+H]1+,orbitrap
CCMSLIB00005464072,CCMSLIB00005463936,1,C1H2O1,142.097,112.087,30.010000000000005,[M+H]1+,orbitrap
CCMSLIB00005464097,CCMSLIB00005463936,1,C1H2,126.103,112.087,14.015999999999991,[M+H]1+,orbitrap
CCMSLIB00005464138,CCMSLIB00005463936,1,C1O2,156.077,112.087,43.989999999999995,[M+H]1+,orbitrap
CCMSLIB00005464298,CCMSLIB00005463936,1,C1O2,156.077,112.087,43.989999999999995,[M+H]1+,orbitrap
CCMSLIB00005464088,CCMSLIB00005463940,1,H-2O1,134.045,120.066,13.978999999999985,[M+H]1+,orbitrap
CCMSLIB00005464104,CCMSLIB00005463940,1,H-2O1,134.045,120.066,13.978999999999985,[M+H]1+,orbitrap
CCMSLIB00005463952,CCMSLIB00005463941,1,C1O2,154.05,110.06,43.99000000000001,[M+H]1+,orbitrap
CCMSLIB00005464082,CCMSLIB00005463941,1,C1O2,154.05,110.06,43.99000000000001,[M+H]1+,orbitrap
CCMSLIB00005464388,CCMSLIB00005463951,1,C3H7N1,203.223,146.165,57.05800000000002,[M+H]1+,orbitrap
CCMSLIB00005463559,CCMSLIB00005463956,1,C2H2O1,174.112,132.102,42.00999999999999,[M+H]1+,orbitrap
CCMSLIB00005464082,CCMSLIB00005463959,1,O1,154.05,138.055,15.995000000000005,[M+H]1+,orbitrap
CCMSLIB00005464219,CCMSLIB00005463961,1,C1H2,168.102,154.086,14.015999999999991,[M+H]1+,orbitrap
CCMSLIB00005464021,CCMSLIB00005463968,1,H-2O1,147.076,133.097,13.978999999999985,[M+H]1+,orbitrap
CCMSLIB00005464188,CCMSLIB00005463968,1,C1H1N1O1,176.103,133.097,43.006,[M+H]1+,orbitrap
CCMSLIB00005464192,CCMSLIB00005463968,1,C1H2N2,175.119,133.097,42.02199999999999,[M+H]1+,orbitrap
CCMSLIB00005464115,CCMSLIB00005463979,1,C1H2,162.076,148.06,14.015999999999991,[M+H]1+,orbitrap
CCMSLIB00005464388,CCMSLIB00005463985,1,C3H7N1,203.223,146.165,57.05800000000002,[M+H]1+,orbitrap
CCMSLIB00005464014,CCMSLIB00005463987,1,H1N1,147.113,132.102,15.010999999999996,[M+H]1+,orbitrap
CCMSLIB00005464026,CCMSLIB00005463987,1,H1N1,147.113,132.102,15.010999999999996,[M+H]1+,orbitrap
CCMSLIB00005463961,CCMSLIB00005463994,1,O1,154.086,138.091,15.995000000000005,[M+H]1+,orbitrap
CCMSLIB00005464219,CCMSLIB00005463994,1,C1H2O1,168.102,138.091,30.010999999999996,[M+H]1+,orbitrap
CCMSLIB00005464221,CCMSLIB00005463994,1,C1O2,182.081,138.091,43.98999999999998,[M+H]1+,orbitrap
CCMSLIB00005463984,CCMSLIB00005464008,1,O1,140.034,124.039,15.99499999999999,[M+H]1+,orbitrap
CCMSLIB00005464257,CCMSLIB00005464008,1,C1O2,168.029,124.039,43.989999999999995,[M+H]1+,orbitrap
CCMSLIB00005464128,CCMSLIB00005464014,1,C2H2O1,189.123,147.113,42.00999999999999,[M+H]1+,orbitrap
CCMSLIB00005464202,CCMSLIB00005464014,1,O1,163.108,147.113,15.995000000000005,[M+H]1+,orbitrap
CCMSLIB00005464128,CCMSLIB00005464026,1,C2H2O1,189.123,147.113,42.00999999999999,[M+H]1+,orbitrap
CCMSLIB00005464202,CCMSLIB00005464026,1,O1,163.108,147.113,15.995000000000005,[M+H]1+,orbitrap
CCMSLIB00005464477,CCMSLIB00005464040,1,C2H2O1,192.069,150.058,42.010999999999996,[M+H]1+,orbitrap
CCMSLIB00005464481,CCMSLIB00005464040,1,C2H3N1O2,223.075,150.058,73.017,[M+H]1+,orbitrap
CCMSLIB00005464040,CCMSLIB00005464053,1,C1H2,150.058,136.043,14.014999999999986,[M+H]1+,orbitrap
CCMSLIB00005464138,CCMSLIB00005464072,1,H-2O1,156.077,142.097,13.97999999999999,[M+H]1+,orbitrap
CCMSLIB00005464298,CCMSLIB00005464072,1,H-2O1,156.077,142.097,13.97999999999999,[M+H]1+,orbitrap
CCMSLIB00005464087,CCMSLIB00005464088,1,C1H2,148.06,134.045,14.015000000000015,[M+H]1+,orbitrap
CCMSLIB00005464182,CCMSLIB00005464088,1,C2H2O1,176.055,134.045,42.01000000000002,[M+H]1+,orbitrap
CCMSLIB00005464214,CCMSLIB00005464088,1,C1H2N2,176.067,134.045,42.02200000000002,[M+H]1+,orbitrap
CCMSLIB00005464123,CCMSLIB00005464098,1,O1,169.036,153.041,15.995000000000005,[M+H]1+,orbitrap
CCMSLIB00005464192,CCMSLIB00005464100,1,C1O2,175.119,131.129,43.99000000000001,[M+H]1+,orbitrap
CCMSLIB00005464087,CCMSLIB00005464104,1,C1H2,148.06,134.045,14.015000000000015,[M+H]1+,orbitrap
CCMSLIB00005464182,CCMSLIB00005464104,1,C2H2O1,176.055,134.045,42.01000000000002,[M+H]1+,orbitrap
CCMSLIB00005464214,CCMSLIB00005464104,1,C1H2N2,176.067,134.045,42.02200000000002,[M+H]1+,orbitrap
CCMSLIB00005464120,CCMSLIB00005464109,1,O1,177.102,161.107,15.995000000000005,[M+H]1+,orbitrap
CCMSLIB00005464204,CCMSLIB00005464109,1,C1H2,175.123,161.107,14.015999999999991,[M+H]1+,orbitrap
CCMSLIB00005464230,CCMSLIB00005464109,1,O1,177.102,161.107,15.995000000000005,[M+H]1+,orbitrap
CCMSLIB00005464327,CCMSLIB00005464109,1,C1H1N1O1,204.113,161.107,43.006,[M+H]1+,orbitrap
CCMSLIB00005464368,CCMSLIB00005464109,1,C1O2,205.097,161.107,43.99000000000001,[M+H]1+,orbitrap
CCMSLIB00005464407,CCMSLIB00005464109,1,C1O2,205.097,161.107,43.99000000000001,[M+H]1+,orbitrap
CCMSLIB00005464177,CCMSLIB00005464117,1,H-1N1,175.087,162.091,12.995999999999981,[M+H]1+,orbitrap
CCMSLIB00005464240,CCMSLIB00005464117,1,H-2O1,176.071,162.091,13.97999999999999,[M+H]1+,orbitrap
CCMSLIB00005464251,CCMSLIB00005464117,1,H-2O1,176.071,162.091,13.97999999999999,[M+H]1+,orbitrap
CCMSLIB00005463552,CCMSLIB00005464120,1,C2H2O1,219.113,177.102,42.010999999999996,[M+H]1+,orbitrap
CCMSLIB00005464425,CCMSLIB00005464120,1,C1O2,221.092,177.102,43.99000000000001,[M+H]1+,orbitrap
CCMSLIB00005464153,CCMSLIB00005464138,1,C1H2,170.092,156.077,14.015000000000015,[M+H]1+,orbitrap
CCMSLIB00005464351,CCMSLIB00005464138,1,C3H5N1O1,227.114,156.077,71.037,[M+H]1+,orbitrap
CCMSLIB00005464456,CCMSLIB00005464146,1,O3S1,260.043,180.087,79.95600000000002,[M+H]1+,orbitrap
CCMSLIB00005464469,CCMSLIB00005464146,1,H1O3P1,260.053,180.087,79.96600000000001,[M+H]1+,orbitrap
CCMSLIB00005464484,CCMSLIB00005464198,1,C1H2,195.088,181.072,14.015999999999991,[M+H]1+,orbitrap
CCMSLIB00005464221,CCMSLIB00005464201,1,O1,182.081,166.086,15.994999999999976,[M+H]1+,orbitrap
CCMSLIB00005464448,CCMSLIB00005464201,1,C2H2O1,208.097,166.086,42.010999999999996,[M+H]1+,orbitrap
CCMSLIB00005464484,CCMSLIB00005464206,1,C1H2,195.088,181.072,14.015999999999991,[M+H]1+,orbitrap
CCMSLIB00005464437,CCMSLIB00005464219,1,C1O2,212.092,168.102,43.99000000000001,[M+H]1+,orbitrap
CCMSLIB00005464418,CCMSLIB00005464221,1,H-1N1O2,227.066,182.081,44.985000000000014,[M+H]1+,orbitrap
CCMSLIB00005464437,CCMSLIB00005464221,1,C1H2O1,212.092,182.081,30.011000000000024,[M+H]1+,orbitrap
CCMSLIB00005464127,CCMSLIB00005464228,1,O1,190.05,174.055,15.995000000000005,[M+H]1+,orbitrap
CCMSLIB00005463552,CCMSLIB00005464230,1,C2H2O1,219.113,177.102,42.010999999999996,[M+H]1+,orbitrap
CCMSLIB00005464425,CCMSLIB00005464230,1,C1O2,221.092,177.102,43.99000000000001,[M+H]1+,orbitrap
CCMSLIB00005464456,CCMSLIB00005464234,1,O3S1,260.043,180.087,79.95600000000002,[M+H]1+,orbitrap
CCMSLIB00005464469,CCMSLIB00005464234,1,H1O3P1,260.053,180.087,79.96600000000001,[M+H]1+,orbitrap
CCMSLIB00005463563,CCMSLIB00005464240,1,C2H4,204.102,176.071,28.031000000000006,[M+H]1+,orbitrap
CCMSLIB00005463566,CCMSLIB00005464240,1,O1,192.066,176.071,15.995000000000005,[M+H]1+,orbitrap
CCMSLIB00005463613,CCMSLIB00005464240,1,C1H2,190.086,176.071,14.015000000000015,[M+H]1+,orbitrap
CCMSLIB00005464484,CCMSLIB00005464250,1,C1H2,195.088,181.072,14.015999999999991,[M+H]1+,orbitrap
CCMSLIB00005463563,CCMSLIB00005464251,1,C2H4,204.102,176.071,28.031000000000006,[M+H]1+,orbitrap
CCMSLIB00005463566,CCMSLIB00005464251,1,O1,192.066,176.071,15.995000000000005,[M+H]1+,orbitrap
CCMSLIB00005463613,CCMSLIB00005464251,1,C1H2,190.086,176.071,14.015000000000015,[M+H]1+,orbitrap
CCMSLIB00005464269,CCMSLIB00005464262,1,H-2O1,184.06,170.081,13.979000000000013,[M+H]1+,orbitrap
CCMSLIB00005464456,CCMSLIB00005464275,1,O3S1,260.043,180.087,79.95600000000002,[M+H]1+,orbitrap
CCMSLIB00005464469,CCMSLIB00005464275,1,H1O3P1,260.053,180.087,79.96600000000001,[M+H]1+,orbitrap
CCMSLIB00005464153,CCMSLIB00005464298,1,C1H2,170.092,156.077,14.015000000000015,[M+H]1+,orbitrap
CCMSLIB00005464351,CCMSLIB00005464298,1,C3H5N1O1,227.114,156.077,71.037,[M+H]1+,orbitrap
CCMSLIB00005464608,CCMSLIB00005464312,1,C3H5N1O2,385.129,298.097,87.03200000000004,[M+H]1+,orbitrap
CCMSLIB00005464534,CCMSLIB00005464314,1,H1O3P1,348.07,268.104,79.96600000000001,[M+H]1+,orbitrap
CCMSLIB00005464599,CCMSLIB00005464325,1,H1O3P1,324.059,244.093,79.96600000000004,[M+H]1+,orbitrap
CCMSLIB00005464314,CCMSLIB00005464344,1,O1,268.104,252.109,15.994999999999976,[M+H]1+,orbitrap
CCMSLIB00005464504,CCMSLIB00005464344,1,H1O3P1,332.075,252.109,79.96599999999998,[M+H]1+,orbitrap
CCMSLIB00005464329,CCMSLIB00005464351,1,C1H2,241.13,227.114,14.015999999999991,[M+H]1+,orbitrap
CCMSLIB00005464425,CCMSLIB00005464368,1,O1,221.092,205.097,15.995000000000005,[M+H]1+,orbitrap
CCMSLIB00005464474,CCMSLIB00005464368,1,C2H2O1,247.108,205.097,42.010999999999996,[M+H]1+,orbitrap
CCMSLIB00005464325,CCMSLIB00005464384,1,O1,244.093,228.098,15.994999999999976,[M+H]1+,orbitrap
CCMSLIB00005464404,CCMSLIB00005464384,1,H1O3P1,308.064,228.098,79.96600000000001,[M+H]1+,orbitrap
CCMSLIB00005464307,CCMSLIB00005464388,1,C2H2O1,245.234,203.223,42.010999999999996,[M+H]1+,orbitrap
CCMSLIB00005464489,CCMSLIB00005464389,1,H1O3P1,364.065,284.099,79.96600000000001,[M+H]1+,orbitrap
CCMSLIB00005464312,CCMSLIB00005464397,1,C1H2S1,298.097,252.109,45.98799999999997,[M+H]1+,orbitrap
CCMSLIB00005464314,CCMSLIB00005464397,1,O1,268.104,252.109,15.994999999999976,[M+H]1+,orbitrap
CCMSLIB00005464534,CCMSLIB00005464397,1,H1O4P1,348.07,252.109,95.96099999999998,[M+H]1+,orbitrap
CCMSLIB00005464389,CCMSLIB00005464399,1,O1,284.099,268.104,15.995000000000005,[M+H]1+,orbitrap
CCMSLIB00005464389,CCMSLIB00005464402,1,H1N1,284.099,269.088,15.010999999999967,[M+H]1+,orbitrap
CCMSLIB00005464514,CCMSLIB00005464402,1,H1O3P1,349.054,269.088,79.96599999999995,[M+H]1+,orbitrap
CCMSLIB00005464568,CCMSLIB00005464402,1,H1O3P1,349.054,269.088,79.96599999999995,[M+H]1+,orbitrap
CCMSLIB00005464599,CCMSLIB00005464404,1,O1,324.059,308.064,15.995000000000005,[M+H]1+,orbitrap
CCMSLIB00005464425,CCMSLIB00005464407,1,O1,221.092,205.097,15.995000000000005,[M+H]1+,orbitrap
CCMSLIB00005464474,CCMSLIB00005464407,1,C2H2O1,247.108,205.097,42.010999999999996,[M+H]1+,orbitrap
CCMSLIB00005464589,CCMSLIB00005464443,1,C6H12,392.185,308.091,84.094,[M+H]1+,orbitrap
CCMSLIB00005464556,CCMSLIB00005464501,1,C6H4O1,525.901,433.874,92.02699999999993,[M+H]1+,orbitrap
CCMSLIB00005464534,CCMSLIB00005464504,1,O1,348.07,332.075,15.995000000000005,[M+H]1+,orbitrap
CCMSLIB00005464489,CCMSLIB00005464514,1,H1N1,364.065,349.054,15.011000000000024,[M+H]1+,orbitrap
CCMSLIB00005464563,CCMSLIB00005464514,1,O1,365.049,349.054,15.995000000000005,[M+H]1+,orbitrap
CCMSLIB00005464498,CCMSLIB00005464534,1,H1O3P1,428.037,348.07,79.96699999999998,[M+H]1+,orbitrap
CCMSLIB00005463885,CCMSLIB00005464556,1,H-1I1,651.797,525.901,125.89600000000007,[M+H]1+,orbitrap
CCMSLIB00005464489,CCMSLIB00005464568,1,H1N1,364.065,349.054,15.011000000000024,[M+H]1+,orbitrap
CCMSLIB00005464563,CCMSLIB00005464568,1,O1,365.049,349.054,15.995000000000005,[M+H]1+,orbitrap
CCMSLIB00005464579,CCMSLIB00005464584,1,C2H2O1,405.227,363.217,42.00999999999999,[M+H]1+,orbitrap
CCMSLIB00005464524,CCMSLIB00005464599,1,C2H6N1O3P1,447.068,324.059,123.00899999999996,[M+H]1+,orbitrap
